{"Tmax": 0.44000000000000483, "Tmin": -0.1999999999999993, "PDmax": 0.554320000000007, "PDmin": 0.0, "ACCmax": 6.699999999999999, "ACCmin": -6.5}