{"Tmax": 30.5, "Tmin": 25.0, "PDmax": 10.831600000000071, "PDmin": 0.0015199999999822467, "ACCmax": 32.0, "ACCmin": 21.0}