{"Tmax": 30.5, "Tmin": 25.0, "PDmax": 0.6916000000001077, "PDmin": 0.000699999999596912, "ACCmax": 32.0, "ACCmin": 21.0}