{"PDmax": 0.6882999999997992, "PDmin": 0.0010000000002037268}